id,identifier,type1_id,type2_id,gen,height_ft,weight_lbs,hp,attack,defense,special_attack,special_defense,speed,base_stats
1,bulbasaur,Grass,Poison,1,2.3,15.2,45,49,49,65,65,45,318
2,ivysaur,Grass,Poison,1,3.3,28.6,60,62,63,80,80,60,405
3,venusaur,Grass,Poison,1,6.7,220.3,80,82,83,100,100,80,525
4,charmander,Fire,,1,2,18.7,39,52,43,60,50,65,309
5,charmeleon,Fire,,1,3.7,41.9,58,64,58,80,65,80,405
6,charizard,Fire,Flying,1,5.7,199.4,78,84,78,109,85,100,534
7,squirtle,Water,,1,1.7,19.8,44,48,65,50,64,43,314
8,wartortle,Water,,1,3.3,49.6,59,63,80,65,80,58,405
9,blastoise,Water,,1,5.3,188.3,79,83,100,85,105,78,530
10,caterpie,Bug,,1,1,6.4,45,30,35,20,20,45,195
11,metapod,Bug,,1,2.3,21.8,50,20,55,25,25,30,205
12,butterfree,Bug,Flying,1,3.7,70.5,60,45,50,90,80,70,395
13,weedle,Bug,Poison,1,1,7,40,35,30,20,20,50,195
14,kakuna,Bug,Poison,1,2,22,45,25,50,25,25,35,205
15,beedrill,Bug,Poison,1,3.3,65,65,90,40,45,80,75,395
16,pidgey,Normal,Flying,1,1,4,40,45,40,35,35,56,251
17,pidgeotto,Normal,Flying,1,3.7,66.1,63,60,55,50,50,71,349
18,pidgeot,Normal,Flying,1,5,87,83,80,75,70,70,101,479
19,rattata,Normal,,1,1,7.7,30,56,35,25,35,72,253
20,raticate,Normal,,1,2.3,40.8,55,81,60,50,70,97,413
21,spearow,Normal,Flying,1,1,4.4,40,60,30,31,31,70,262
22,fearow,Normal,Flying,1,4,83.7,65,90,65,61,61,100,442
23,ekans,Poison,,1,6.7,15.2,35,60,44,40,54,55,288
24,arbok,Poison,,1,11.7,143.2,60,85,69,65,79,80,438
25,pikachu,Electric,,1,1.3,13.2,35,55,40,50,50,90,320
26,raichu,Electric,,1,2.7,66.1,60,90,55,90,80,110,485
27,sandshrew,Ground,,1,2,26.4,50,75,85,20,30,40,300
28,sandslash,Ground,,1,3.3,65,75,100,110,45,55,65,450
29,nidoran-f,Poison,,1,1.3,15.4,55,47,52,40,40,41,275
30,nidorina,Poison,,1,2.7,44.1,70,62,67,55,55,56,365
31,nidoqueen,Poison,Ground,1,4.3,132.2,90,92,87,75,85,76,505
32,nidoran-m,Poison,,1,1.7,19.8,46,57,40,40,40,50,273
33,nidorino,Poison,,1,3,43,61,72,57,55,55,65,365
34,nidoking,Poison,Ground,1,4.7,136.6,81,102,77,85,75,85,505
35,clefairy,Fairy,,1,2,16.5,70,45,48,60,65,35,323
36,clefable,Fairy,,1,4.3,88.1,95,70,73,95,90,60,483
37,vulpix,Fire,,1,2,21.8,38,41,40,50,65,65,299
38,ninetales,Fire,,1,3.7,43.8,73,76,75,81,100,100,505
39,jigglypuff,Normal,Fairy,1,1.7,12.1,115,45,20,45,25,20,270
40,wigglytuff,Normal,Fairy,1,3.3,26.4,140,70,45,85,50,45,435
41,zubat,Poison,Flying,1,2.7,16.5,40,45,35,30,40,55,245
42,golbat,Poison,Flying,1,5.3,121.2,75,80,70,65,75,90,455
43,oddish,Grass,Poison,1,1.7,11.9,45,50,55,75,65,30,320
44,gloom,Grass,Poison,1,2.7,18.9,60,65,70,85,75,40,395
45,vileplume,Grass,Poison,1,4,41,75,80,85,110,90,50,490
46,paras,Bug,Grass,1,1,11.9,35,70,55,45,55,25,285
47,parasect,Bug,Grass,1,3.3,65,60,95,80,60,80,30,405
48,venonat,Bug,Poison,1,3.3,66.1,60,55,50,40,55,45,305
49,venomoth,Bug,Poison,1,5,27.5,70,65,60,90,75,90,450
50,diglett,Ground,,1,0.7,1.8,10,55,25,35,45,95,265
51,dugtrio,Ground,,1,2.3,73.4,35,80,50,50,70,120,405
52,meowth,Normal,,1,1.3,9.3,40,45,35,40,40,90,290
53,persian,Normal,,1,3.3,70.5,65,70,60,65,65,115,440
54,psyduck,Water,,1,2.7,43.2,50,52,48,65,50,55,320
55,golduck,Water,,1,5.7,168.7,80,82,78,95,80,85,500
56,mankey,Fighting,,1,1.7,61.7,40,80,35,35,45,70,305
57,primeape,Fighting,,1,3.3,70.5,65,105,60,60,70,95,455
58,growlithe,Fire,,1,2.3,41.9,55,70,45,70,50,60,350
59,arcanine,Fire,,1,6.3,341.4,90,110,80,100,80,95,555
60,poliwag,Water,,1,2,27.3,40,50,40,40,40,90,300
61,poliwhirl,Water,,1,3.3,44.1,65,65,65,50,50,90,385
62,poliwrath,Water,Fighting,1,4.3,119,90,95,95,70,90,70,510
63,abra,Psychic,,1,3,43,25,20,15,105,55,90,310
64,kadabra,Psychic,,1,4.3,124.5,40,35,30,120,70,105,400
65,alakazam,Psychic,,1,5,105.7,55,50,45,135,95,120,500
66,machop,Fighting,,1,2.7,43,70,80,50,35,35,35,305
67,machoke,Fighting,,1,5,155.3,80,100,70,50,60,45,405
68,machamp,Fighting,,1,5.3,286.4,90,130,80,65,85,55,505
69,bellsprout,Grass,Poison,1,2.3,8.8,50,75,35,70,30,40,300
70,weepinbell,Grass,Poison,1,3.3,14.1,65,90,50,85,45,55,390
71,victreebel,Grass,Poison,1,5.7,34.1,80,105,65,100,70,70,490
72,tentacool,Water,Poison,1,3,100.2,40,40,35,50,100,70,335
73,tentacruel,Water,Poison,1,5.3,121.2,80,70,65,80,120,100,515
74,geodude,Rock,Ground,1,1.3,44.1,40,80,100,30,30,20,300
75,graveler,Rock,Ground,1,3.3,231.3,55,95,115,45,45,35,390
76,golem,Rock,Ground,1,4.7,660.9,80,120,130,55,65,45,495
77,ponyta,Fire,,1,3.3,66.1,50,85,55,65,65,90,410
78,rapidash,Fire,,1,5.7,209.3,65,100,70,80,80,105,500
79,slowpoke,Water,Psychic,1,4,79.3,90,65,65,40,40,15,315
80,slowbro,Water,Psychic,1,5.3,172.9,95,75,110,100,80,30,490
81,magnemite,Electric,Steel,1,1,13.2,25,35,70,95,55,45,325
82,magneton,Electric,Steel,1,3.3,132.2,50,60,95,120,70,70,465
83,farfetchd,Normal,Flying,1,2.7,33,52,65,55,58,62,60,352
84,doduo,Normal,Flying,1,4.7,86.4,35,85,45,35,35,75,310
85,dodrio,Normal,Flying,1,6,187.7,60,110,70,60,60,100,460
86,seel,Water,,1,3.7,198.3,65,45,55,45,70,45,325
87,dewgong,Water,Ice,1,5.7,264.3,90,70,80,70,95,70,475
88,grimer,Poison,,1,3,66.1,80,80,50,40,50,25,325
89,muk,Poison,,1,4,66.1,105,105,75,65,100,50,500
90,shellder,Water,,1,1,8.8,30,65,100,45,25,40,305
91,cloyster,Water,Ice,1,5,291.9,50,95,180,85,45,70,525
92,gastly,Ghost,Poison,1,4.3,0.2,30,35,30,100,35,80,310
93,haunter,Ghost,Poison,1,5.3,0.2,45,50,45,115,55,95,405
94,gengar,Ghost,Poison,1,5,89.2,60,65,60,130,75,110,500
95,onix,Rock,Ground,1,29.3,462.6,35,45,160,30,45,70,385
96,drowzee,Psychic,,1,3.3,71.4,60,48,45,43,90,42,328
97,hypno,Psychic,,1,5.3,166.5,85,73,70,73,115,67,483
98,krabby,Water,,1,1.3,14.3,30,105,90,25,25,50,325
99,kingler,Water,,1,4.3,132.2,55,130,115,50,50,75,475
100,voltorb,Electric,,1,1.7,22.9,40,30,50,55,55,100,330
101,electrode,Electric,,1,4,146.7,60,50,70,80,80,140,480
102,exeggcute,Grass,Psychic,1,1.3,5.5,60,40,80,60,45,40,325
103,exeggutor,Grass,Psychic,1,6.7,264.3,95,95,85,125,65,55,520
104,cubone,Ground,,1,1.3,14.3,50,50,95,40,50,35,320
105,marowak,Ground,,1,3.3,99.1,60,80,110,50,80,45,425
106,hitmonlee,Fighting,,1,5,109.7,50,120,53,35,110,87,455
107,hitmonchan,Fighting,,1,4.7,110.6,50,105,79,35,110,76,455
108,lickitung,Normal,,1,4,144.3,90,55,75,60,75,30,385
109,koffing,Poison,,1,2,2.2,40,65,95,60,45,35,340
110,weezing,Poison,,1,4,20.9,65,90,120,85,70,60,490
111,rhyhorn,Ground,Rock,1,3.3,253.3,80,85,95,30,30,25,345
112,rhydon,Ground,Rock,1,6.3,264.3,105,130,120,45,45,40,485
113,chansey,Normal,,1,3.7,76.2,250,5,5,35,105,50,450
114,tangela,Grass,,1,3.3,77.1,65,55,115,100,40,60,435
115,kangaskhan,Normal,,1,7.3,176.2,105,95,80,40,80,90,490
116,horsea,Water,,1,1.3,17.6,30,40,70,70,25,60,295
117,seadra,Water,,1,4,55.1,55,65,95,95,45,85,440
118,goldeen,Water,,1,2,33,45,67,60,35,50,63,320
119,seaking,Water,,1,4.3,85.9,80,92,65,65,80,68,450
120,staryu,Water,,1,2.7,76,30,45,55,70,55,85,340
121,starmie,Water,Psychic,1,3.7,176.2,60,75,85,100,85,115,520
122,mr. mime,Psychic,Fairy,1,4.3,120.1,40,45,65,100,120,90,460
123,scyther,Bug,Flying,1,5,123.4,70,110,80,55,80,105,500
124,jynx,Ice,Psychic,1,4.7,89.4,65,50,35,115,95,95,455
125,electabuzz,Electric,,1,3.7,66.1,65,83,57,95,85,105,490
126,magmar,Fire,,1,4.3,98,65,95,57,100,85,93,495
127,pinsir,Bug,,1,5,121.2,65,125,100,55,70,85,500
128,tauros,Normal,,1,4.7,194.7,75,100,95,40,70,110,490
129,magikarp,Water,,1,3,22,20,10,55,15,20,80,200
130,gyarados,Water,Flying,1,21.7,517.7,95,125,79,60,100,81,540
131,lapras,Water,Ice,1,8.3,484.6,130,85,80,85,95,60,535
132,ditto,Normal,,1,1,8.8,48,48,48,48,48,48,288
133,eevee,Normal,,1,1,14.3,55,55,50,45,65,55,325
134,vaporeon,Water,,1,3.3,63.9,130,65,60,110,95,65,525
135,jolteon,Electric,,1,2.7,54,65,65,60,110,95,130,525
136,flareon,Fire,,1,3,55.1,65,130,60,95,110,65,525
137,porygon,Normal,,1,2.7,80.4,65,60,70,85,75,40,395
138,omanyte,Rock,Water,1,1.3,16.5,35,40,100,90,55,35,355
139,omastar,Rock,Water,1,3.3,77.1,70,60,125,115,70,55,495
140,kabuto,Rock,Water,1,1.7,25.3,30,80,90,55,45,55,355
141,kabutops,Rock,Water,1,4.3,89.2,60,115,105,65,70,80,495
142,aerodactyl,Rock,Flying,1,6,130,80,105,65,60,75,130,515
143,snorlax,Normal,,1,7,1013.3,160,110,65,65,110,30,540
144,articuno,Ice,Flying,1,5.7,122,90,85,100,95,125,85,580
145,zapdos,Electric,Flying,1,5.3,115.9,90,90,85,125,90,100,580
146,moltres,Fire,Flying,1,6.7,132.2,90,100,90,125,85,90,580
147,dratini,Dragon,,1,6,7.3,41,64,45,50,50,50,300
148,dragonair,Dragon,,1,13.3,36.3,61,84,65,70,70,70,420
149,dragonite,Dragon,Flying,1,7.3,462.6,91,134,95,100,100,80,600
150,mewtwo,Psychic,,1,6.7,268.8,106,110,90,154,90,130,680
151,mew,Psychic,,1,1.3,8.8,100,100,100,100,100,100,600
152,chikorita,Grass,,2,3,14.1,45,49,65,49,65,45,318
153,bayleef,Grass,,2,4,34.8,60,62,80,63,80,60,405
154,meganium,Grass,,2,6,221.4,80,82,100,83,100,80,525
155,cyndaquil,Fire,,2,1.7,17.4,39,52,43,60,50,65,309
156,quilava,Fire,,2,3,41.9,58,64,58,80,65,80,405
157,typhlosion,Fire,,2,5.7,175.1,78,84,78,109,85,100,534
158,totodile,Water,,2,2,20.9,50,65,64,44,48,43,314
159,croconaw,Water,,2,3.7,55.1,65,80,80,59,63,58,405
160,feraligatr,Water,,2,7.7,195.6,85,105,100,79,83,78,530
161,sentret,Normal,,2,2.7,13.2,35,46,34,35,45,20,215
162,furret,Normal,,2,6,71.6,85,76,64,45,55,90,415
163,hoothoot,Normal,Flying,2,2.3,46.7,60,30,30,36,56,50,262
164,noctowl,Normal,Flying,2,5.3,89.9,100,50,50,76,96,70,442
165,ledyba,Bug,Flying,2,3.3,23.8,40,20,30,40,80,55,265
166,ledian,Bug,Flying,2,4.7,78.4,55,35,50,55,110,85,390
167,spinarak,Bug,Poison,2,1.7,18.7,40,60,40,40,40,30,250
168,ariados,Bug,Poison,2,3.7,73.8,70,90,70,60,60,40,390
169,crobat,Poison,Flying,2,6,165.2,85,90,80,70,80,130,535
170,chinchou,Water,Electric,2,1.7,26.4,75,38,38,56,56,67,330
171,lanturn,Water,Electric,2,4,49.6,125,58,58,76,76,67,460
172,pichu,Electric,,2,1,4.4,20,40,15,35,35,60,205
173,cleffa,Fairy,,2,1,6.6,50,25,28,45,55,15,218
174,igglybuff,Normal,Fairy,2,1,2.2,90,30,15,40,20,15,210
175,togepi,Fairy,,2,1,3.3,35,20,65,40,65,20,245
176,togetic,Fairy,Flying,2,2,7,55,40,85,80,105,40,405
177,natu,Psychic,Flying,2,0.7,4.4,40,50,45,70,45,70,320
178,xatu,Psychic,Flying,2,5,33,65,75,70,95,70,95,470
179,mareep,Electric,,2,2,17.2,55,40,40,65,45,35,280
180,flaaffy,Electric,,2,2.7,29.3,70,55,55,80,60,45,365
181,ampharos,Electric,,2,4.7,135.5,90,75,85,115,90,55,510
182,bellossom,Grass,,2,1.3,12.8,75,80,95,90,100,50,490
183,marill,Water,Fairy,2,1.3,18.7,70,20,50,20,50,40,250
184,azumarill,Water,Fairy,2,2.7,62.8,100,50,80,60,80,50,420
185,sudowoodo,Rock,,2,4,83.7,70,100,115,30,65,30,410
186,politoed,Water,,2,3.7,74.7,90,75,75,90,100,70,500
187,hoppip,Grass,Flying,2,1.3,1.1,35,35,40,35,55,50,250
188,skiploom,Grass,Flying,2,2,2.2,55,45,50,45,65,80,340
189,jumpluff,Grass,Flying,2,2.7,6.6,75,55,70,55,95,110,460
190,aipom,Normal,,2,2.7,25.3,55,70,55,40,55,85,360
191,sunkern,Grass,,2,1,4,30,30,30,30,30,30,180
192,sunflora,Grass,,2,2.7,18.7,75,75,55,105,85,30,425
193,yanma,Bug,Flying,2,4,83.7,65,65,45,75,45,95,390
194,wooper,Water,Ground,2,1.3,18.7,55,45,45,25,25,15,210
195,quagsire,Water,Ground,2,4.7,165.2,95,85,85,65,65,35,430
196,espeon,Psychic,,2,3,58.4,65,65,60,130,95,110,525
197,umbreon,Dark,,2,3.3,59.5,95,65,110,60,130,65,525
198,murkrow,Dark,Flying,2,1.7,4.6,60,85,42,85,42,91,405
199,slowking,Water,Psychic,2,6.7,175.1,95,75,80,100,110,30,490
200,misdreavus,Ghost,,2,2.3,2.2,60,60,60,85,85,85,435
201,unown,Psychic,,2,1.7,11,48,72,48,72,48,48,336
202,wobbuffet,Psychic,,2,4.3,62.8,190,33,58,33,58,33,405
203,girafarig,Normal,Psychic,2,5,91.4,70,80,65,90,65,85,455
204,pineco,Bug,,2,2,15.9,50,65,90,35,35,15,290
205,forretress,Bug,Steel,2,4,277.1,75,90,140,60,60,40,465
206,dunsparce,Normal,,2,5,30.8,100,70,70,65,65,45,415
207,gligar,Ground,Flying,2,3.7,142.7,65,75,105,35,65,85,430
208,steelix,Steel,Ground,2,30.7,881.2,75,85,200,55,65,30,510
209,snubbull,Fairy,,2,2,17.2,60,80,50,40,40,30,300
210,granbull,Fairy,,2,4.7,107.3,90,120,75,60,60,45,450
211,qwilfish,Water,Poison,2,1.7,8.6,65,95,75,55,55,85,430
212,scizor,Bug,Steel,2,6,259.9,70,130,100,55,80,65,500
213,shuckle,Bug,Rock,2,2,45.2,20,10,230,10,230,5,505
214,heracross,Bug,Fighting,2,5,119,80,125,75,40,95,85,500
215,sneasel,Dark,Ice,2,3,61.7,55,95,55,35,75,115,430
216,teddiursa,Normal,,2,2,19.4,60,80,50,50,50,40,330
217,ursaring,Normal,,2,6,277.1,90,130,75,75,75,55,500
218,slugma,Fire,,2,2.3,77.1,40,40,40,70,40,20,250
219,magcargo,Fire,Rock,2,2.7,121.2,50,50,120,80,80,30,410
220,swinub,Ice,Ground,2,1.3,14.3,50,50,40,30,30,50,250
221,piloswine,Ice,Ground,2,3.7,122.9,100,100,80,60,60,50,450
222,corsola,Water,Rock,2,2,11,55,55,85,65,85,35,380
223,remoraid,Water,,2,2,26.4,35,65,35,65,35,65,300
224,octillery,Water,,2,3,62.8,75,105,75,105,75,45,480
225,delibird,Ice,Flying,2,3,35.2,45,55,45,65,45,75,330
226,mantine,Water,Flying,2,7,484.6,65,40,70,80,140,70,465
227,skarmory,Steel,Flying,2,5.7,111.2,65,80,140,40,70,70,465
228,houndour,Dark,Fire,2,2,23.8,45,60,30,80,50,65,330
229,houndoom,Dark,Fire,2,4.7,77.1,75,90,50,110,80,95,500
230,kingdra,Water,Dragon,2,6,334.8,75,95,95,95,95,85,540
231,phanpy,Ground,,2,1.7,73.8,90,60,60,40,40,40,330
232,donphan,Ground,,2,3.7,264.3,90,120,120,60,60,50,500
233,porygon2,Normal,,2,2,71.6,85,80,90,105,95,60,515
234,stantler,Normal,,2,4.7,156.8,73,95,62,85,65,85,465
235,smeargle,Normal,,2,4,127.8,55,20,35,20,45,75,250
236,tyrogue,Fighting,,2,2.3,46.3,35,35,35,35,35,35,210
237,hitmontop,Fighting,,2,4.7,105.7,50,95,95,35,110,70,455
238,smoochum,Ice,Psychic,2,1.3,13.2,45,30,15,85,65,65,305
239,elekid,Electric,,2,2,51.8,45,63,37,65,55,95,360
240,magby,Fire,,2,2.3,47.1,45,75,37,70,55,83,365
241,miltank,Normal,,2,4,166.3,95,80,105,40,70,100,490
242,blissey,Normal,,2,5,103.1,255,10,10,75,135,55,540
243,raikou,Electric,,2,6.3,392.1,90,85,75,115,100,115,580
244,entei,Fire,,2,7,436.2,115,115,85,90,75,100,580
245,suicune,Water,,2,6.7,411.9,100,75,115,90,115,85,580
246,larvitar,Rock,Ground,2,2,158.6,50,64,50,45,50,41,300
247,pupitar,Rock,Ground,2,4,334.8,70,84,70,65,70,51,410
248,tyranitar,Rock,Dark,2,6.7,445,100,134,110,95,100,61,600
249,lugia,Psychic,Flying,2,17.3,475.8,106,90,130,90,154,110,680
250,ho-oh,Fire,Flying,2,12.7,438.4,106,130,90,110,154,90,680
251,celebi,Psychic,Grass,2,2,11,100,100,100,100,100,100,600
252,treecko,Grass,,3,1.7,11,40,45,35,65,55,70,310
253,grovyle,Grass,,3,3,47.6,50,65,45,85,65,95,405
254,sceptile,Grass,,3,5.7,115,70,85,65,105,85,120,530
255,torchic,Fire,,3,1.3,5.5,45,60,40,70,50,45,310
256,combusken,Fire,Fighting,3,3,43,60,85,60,85,60,55,405
257,blaziken,Fire,Fighting,3,6.3,114.6,80,120,70,110,70,80,530
258,mudkip,Water,,3,1.3,16.7,50,70,50,50,50,40,310
259,marshtomp,Water,Ground,3,2.3,61.7,70,85,70,60,70,50,405
260,swampert,Water,Ground,3,5,180.4,100,110,90,85,90,60,535
261,poochyena,Dark,,3,1.7,30,35,55,35,30,30,35,220
262,mightyena,Dark,,3,3.3,81.5,70,90,70,60,60,70,420
263,zigzagoon,Normal,,3,1.3,38.6,38,30,41,30,41,60,240
264,linoone,Normal,,3,1.7,71.6,78,70,61,50,61,100,420
265,wurmple,Bug,,3,1,7.9,45,45,35,20,30,20,195
266,silcoon,Bug,,3,2,22,50,35,55,25,25,15,205
267,beautifly,Bug,Flying,3,3.3,62.6,60,70,50,100,50,65,395
268,cascoon,Bug,,3,2.3,25.3,50,35,55,25,25,15,205
269,dustox,Bug,Poison,3,4,69.6,60,50,70,50,90,65,385
270,lotad,Water,Grass,3,1.7,5.7,40,30,30,40,50,30,220
271,lombre,Water,Grass,3,4,71.6,60,50,50,60,70,50,340
272,ludicolo,Water,Grass,3,5,121.2,80,70,70,90,100,70,480
273,seedot,Grass,,3,1.7,8.8,40,40,50,30,30,30,220
274,nuzleaf,Grass,Dark,3,3.3,61.7,70,70,40,60,40,60,340
275,shiftry,Grass,Dark,3,4.3,131.3,90,100,60,90,60,80,480
276,taillow,Normal,Flying,3,1,5.1,40,55,30,30,30,85,270
277,swellow,Normal,Flying,3,2.3,43.6,60,85,60,50,50,125,430
278,wingull,Water,Flying,3,2,20.9,40,30,30,55,30,85,270
279,pelipper,Water,Flying,3,4,61.7,60,50,100,85,70,65,430
280,ralts,Psychic,Fairy,3,1.3,14.5,28,25,25,45,35,40,198
281,kirlia,Psychic,Fairy,3,2.7,44.5,38,35,35,65,55,50,278
282,gardevoir,Psychic,Fairy,3,5.3,106.6,68,65,65,125,115,80,518
283,surskit,Bug,Water,3,1.7,3.7,40,30,32,50,52,65,269
284,masquerain,Bug,Flying,3,2.7,7.9,70,60,62,80,82,60,414
285,shroomish,Grass,,3,1.3,9.9,60,40,60,40,60,35,295
286,breloom,Grass,Fighting,3,4,86.4,60,130,80,60,60,70,460
287,slakoth,Normal,,3,2.7,52.9,60,60,60,35,35,30,280
288,vigoroth,Normal,,3,4.7,102.4,80,80,80,55,55,90,440
289,slaking,Normal,,3,6.7,287.5,150,160,100,95,65,100,670
290,nincada,Bug,Ground,3,1.7,12.1,31,45,90,30,30,40,266
291,ninjask,Bug,Flying,3,2.7,26.4,61,90,45,50,50,160,456
292,shedinja,Bug,Ghost,3,2.7,2.6,1,90,45,30,30,40,236
293,whismur,Normal,,3,2,35.9,64,51,23,51,23,28,240
294,loudred,Normal,,3,3.3,89.2,84,71,43,71,43,48,360
295,exploud,Normal,,3,5,185,104,91,63,91,73,68,490
296,makuhita,Fighting,,3,3.3,190.3,72,60,30,20,30,25,237
297,hariyama,Fighting,,3,7.7,559.1,144,120,60,40,60,50,474
298,azurill,Normal,Fairy,3,0.7,4.4,50,20,40,20,40,20,190
299,nosepass,Rock,,3,3.3,213.7,30,45,135,45,90,30,375
300,skitty,Normal,,3,2,24.2,50,45,45,35,35,50,260
301,delcatty,Normal,,3,3.7,71.8,70,65,65,55,55,70,380
302,sableye,Dark,Ghost,3,1.7,24.2,50,75,75,65,65,50,380
303,mawile,Steel,Fairy,3,2,25.3,50,85,85,55,55,50,380
304,aron,Steel,Rock,3,1.3,132.2,50,70,100,40,40,30,330
305,lairon,Steel,Rock,3,3,264.3,60,90,140,50,50,40,430
306,aggron,Steel,Rock,3,7,793,70,110,180,60,60,50,530
307,meditite,Fighting,Psychic,3,2,24.7,30,40,55,40,55,60,280
308,medicham,Fighting,Psychic,3,4.3,69.4,60,60,75,60,75,80,410
309,electrike,Electric,,3,2,33.5,40,45,40,65,40,65,295
310,manectric,Electric,,3,5,88.6,70,75,60,105,60,105,475
311,plusle,Electric,,3,1.3,9.3,60,50,40,85,75,95,405
312,minun,Electric,,3,1.3,9.3,60,40,50,75,85,95,405
313,volbeat,Bug,,3,2.3,39,65,73,55,47,75,85,400
314,illumise,Bug,,3,2,39,65,47,55,73,75,85,400
315,roselia,Grass,Poison,3,1,4.4,50,60,45,100,80,65,400
316,gulpin,Poison,,3,1.3,22.7,70,43,53,43,53,40,302
317,swalot,Poison,,3,5.7,176.2,100,73,83,73,83,55,467
318,carvanha,Water,Dark,3,2.7,45.8,45,90,20,65,20,65,305
319,sharpedo,Water,Dark,3,6,195.6,70,120,40,95,40,95,460
320,wailmer,Water,,3,6.7,286.4,130,70,35,70,35,60,400
321,wailord,Water,,3,48.3,876.8,170,90,45,90,45,60,500
322,numel,Fire,Ground,3,2.3,52.9,60,60,40,65,45,35,305
323,camerupt,Fire,Ground,3,6.3,484.6,70,100,70,105,75,40,460
324,torkoal,Fire,,3,1.7,177.1,70,85,140,85,70,20,470
325,spoink,Psychic,,3,2.3,67.4,60,25,35,70,80,60,330
326,grumpig,Psychic,,3,3,157.5,80,45,65,90,110,80,470
327,spinda,Normal,,3,3.7,11,60,60,60,60,60,60,360
328,trapinch,Ground,,3,2.3,33,45,100,45,45,45,10,290
329,vibrava,Ground,Dragon,3,3.7,33.7,50,70,50,50,50,70,340
330,flygon,Ground,Dragon,3,6.7,180.6,80,100,80,80,80,100,520
331,cacnea,Grass,,3,1.3,113,50,85,40,85,40,35,335
332,cacturne,Grass,Dark,3,4.3,170.5,70,115,60,115,60,55,475
333,swablu,Normal,Flying,3,1.3,2.6,45,40,60,40,75,50,310
334,altaria,Dragon,Flying,3,3.7,45.4,75,70,90,70,105,80,490
335,zangoose,Normal,,3,4.3,88.8,73,115,60,60,60,90,458
336,seviper,Poison,,3,9,115.7,73,100,60,100,60,65,458
337,lunatone,Rock,Psychic,3,3.3,370.1,70,55,65,95,85,70,440
338,solrock,Rock,Psychic,3,4,339.2,70,95,85,55,65,70,440
339,barboach,Water,Ground,3,1.3,4.2,50,48,43,46,41,60,288
340,whiscash,Water,Ground,3,3,52,110,78,73,76,71,60,468
341,corphish,Water,,3,2,25.3,43,80,65,50,35,35,308
342,crawdaunt,Water,Dark,3,3.7,72.3,63,120,85,90,55,55,468
343,baltoy,Ground,Psychic,3,1.7,47.4,40,40,55,40,70,55,300
344,claydol,Ground,Psychic,3,5,237.9,60,70,105,70,120,75,500
345,lileep,Rock,Grass,3,3.3,52.4,66,41,77,61,87,23,355
346,cradily,Rock,Grass,3,5,133.1,86,81,97,81,107,43,495
347,anorith,Rock,Bug,3,2.3,27.5,45,95,50,40,50,75,355
348,armaldo,Rock,Bug,3,5,150.2,75,125,100,70,80,45,495
349,feebas,Water,,3,2,16.3,20,15,20,10,55,80,200
350,milotic,Water,,3,20.7,356.9,95,60,79,100,125,81,540
351,castform,Normal,,3,1,1.8,70,70,70,70,70,70,420
352,kecleon,Normal,,3,3.3,48.5,60,90,70,60,120,40,440
353,shuppet,Ghost,,3,2,5.1,44,75,35,63,33,45,295
354,banette,Ghost,,3,3.7,27.5,64,115,65,83,63,65,455
355,duskull,Ghost,,3,2.7,33,20,40,90,30,90,25,295
356,dusclops,Ghost,,3,5.3,67.4,40,70,130,60,130,25,455
357,tropius,Grass,Flying,3,6.7,220.3,99,68,83,72,87,51,460
358,chimecho,Psychic,,3,2,2.2,65,50,70,95,80,65,425
359,absol,Dark,,3,4,103.5,65,130,60,75,60,75,465
360,wynaut,Psychic,,3,2,30.8,95,23,48,23,48,23,260
361,snorunt,Ice,,3,2.3,37,50,50,50,50,50,50,300
362,glalie,Ice,,3,5,565,80,80,80,80,80,80,480
363,spheal,Ice,Water,3,2.7,87,70,40,50,55,50,25,290
364,sealeo,Ice,Water,3,3.7,193,90,60,70,75,70,45,410
365,walrein,Ice,Water,3,4.7,331.8,110,80,90,95,90,65,530
366,clamperl,Water,,3,1.3,115.7,35,64,85,74,55,32,345
367,huntail,Water,,3,5.7,59.5,55,104,105,94,75,52,485
368,gorebyss,Water,,3,6,49.8,55,84,105,114,75,52,485
369,relicanth,Water,Rock,3,3.3,51.5,100,90,130,45,65,55,485
370,luvdisc,Water,,3,2,19.2,43,30,55,40,65,97,330
371,bagon,Dragon,,3,2,92.7,45,75,60,40,30,50,300
372,shelgon,Dragon,,3,3.7,243.4,65,95,100,60,50,50,420
373,salamence,Dragon,Flying,3,5,226,95,135,80,110,80,100,600
374,beldum,Steel,Psychic,3,2,209.7,40,55,80,35,60,30,300
375,metang,Steel,Psychic,3,4,446.1,60,75,100,55,80,50,420
376,metagross,Steel,Psychic,3,5.3,1211.6,80,135,130,95,90,70,600
377,regirock,Rock,,3,5.7,506.7,80,100,200,50,100,50,580
378,regice,Ice,,3,6,385.5,80,50,100,100,200,50,580
379,registeel,Steel,,3,6.3,451.6,80,75,150,75,150,50,580
380,latias,Dragon,Psychic,3,4.7,88.1,80,80,90,110,130,110,600
381,latios,Dragon,Psychic,3,6.7,132.2,80,90,80,130,110,110,600
382,kyogre,Water,,3,15,775.4,100,100,90,150,140,90,670
383,groudon,Ground,,3,11.7,2092.8,100,150,140,100,90,90,670
384,rayquaza,Dragon,Flying,3,23.3,454.9,105,150,90,150,90,95,680
385,jirachi,Steel,Psychic,3,1,2.4,100,100,100,100,100,100,600
386,deoxys,Psychic,,3,5.7,133.9,50,150,50,150,50,150,600
387,turtwig,Grass,,4,1.3,22.5,55,68,64,45,55,31,318
388,grotle,Grass,,4,3.7,213.7,75,89,85,55,65,36,405
389,torterra,Grass,Ground,4,7.3,682.9,95,109,105,75,85,56,525
390,chimchar,Fire,,4,1.7,13.7,44,58,44,58,44,61,309
391,monferno,Fire,Fighting,4,3,48.5,64,78,52,78,52,81,405
392,infernape,Fire,Fighting,4,4,121.2,76,104,71,104,71,108,534
393,piplup,Water,,4,1.3,11.5,53,51,53,61,56,40,314
394,prinplup,Water,,4,2.7,50.7,64,66,68,81,76,50,405
395,empoleon,Water,Steel,4,5.7,186.1,84,86,88,111,101,60,530
396,starly,Normal,Flying,4,1,4.4,40,55,30,30,30,60,245
397,staravia,Normal,Flying,4,2,34.1,55,75,50,40,40,80,340
398,staraptor,Normal,Flying,4,4,54.9,85,120,70,50,60,100,485
399,bidoof,Normal,,4,1.7,44.1,59,45,40,35,40,31,250
400,bibarel,Normal,Water,4,3.3,69.4,79,85,60,55,60,71,410
401,kricketot,Bug,,4,1,4.8,37,25,41,25,41,25,194
402,kricketune,Bug,,4,3.3,56.2,77,85,51,55,51,65,384
403,shinx,Electric,,4,1.7,20.9,45,65,34,40,34,45,263
404,luxio,Electric,,4,3,67.2,60,85,49,60,49,60,363
405,luxray,Electric,,4,4.7,92.5,80,120,79,95,79,70,523
406,budew,Grass,Poison,4,0.7,2.6,40,30,35,50,70,55,280
407,roserade,Grass,Poison,4,3,31.9,60,70,65,125,105,90,515
408,cranidos,Rock,,4,3,69.4,67,125,40,30,30,58,350
409,rampardos,Rock,,4,5.3,225.8,97,165,60,65,50,58,495
410,shieldon,Rock,Steel,4,1.7,125.6,30,42,118,42,88,30,350
411,bastiodon,Rock,Steel,4,4.3,329.3,60,52,168,47,138,30,495
412,burmy,Bug,,4,0.7,7.5,40,29,45,29,45,36,224
413,wormadam,Bug,Grass,4,1.7,14.3,60,59,85,79,105,36,424
414,mothim,Bug,Flying,4,3,51.3,70,94,50,94,50,66,424
415,combee,Bug,Flying,4,1,12.1,30,30,42,30,42,70,244
416,vespiquen,Bug,Flying,4,4,84.8,70,80,102,80,102,40,474
417,pachirisu,Electric,,4,1.3,8.6,60,45,70,45,90,95,405
418,buizel,Water,,4,2.3,65,55,65,35,60,30,85,330
419,floatzel,Water,,4,3.7,73.8,85,105,55,85,50,115,495
420,cherubi,Grass,,4,1.3,7.3,45,35,45,62,53,35,275
421,cherrim,Grass,,4,1.7,20.5,70,60,70,87,78,85,450
422,shellos,Water,,4,1,13.9,76,48,48,57,62,34,325
423,gastrodon,Water,Ground,4,3,65.9,111,83,68,92,82,39,475
424,ambipom,Normal,,4,4,44.7,75,100,66,60,66,115,482
425,drifloon,Ghost,Flying,4,1.3,2.6,90,50,34,60,44,70,348
426,drifblim,Ghost,Flying,4,4,33,150,80,44,90,54,80,498
427,buneary,Normal,,4,1.3,12.1,55,66,44,44,56,85,350
428,lopunny,Normal,,4,4,73.4,65,76,84,54,96,105,480
429,mismagius,Ghost,,4,3,9.7,60,60,60,105,105,105,495
430,honchkrow,Dark,Flying,4,3,60.1,100,125,52,105,52,71,505
431,glameow,Normal,,4,1.7,8.6,49,55,42,42,37,85,310
432,purugly,Normal,,4,3.3,96.5,71,82,64,64,59,112,452
433,chingling,Psychic,,4,0.7,1.3,45,30,50,65,50,45,285
434,stunky,Poison,Dark,4,1.3,42.3,63,63,47,41,41,74,329
435,skuntank,Poison,Dark,4,3.3,83.7,103,93,67,71,61,84,479
436,bronzor,Steel,Psychic,4,1.7,133.3,57,24,86,24,86,23,300
437,bronzong,Steel,Psychic,4,4.3,411.9,67,89,116,79,116,33,500
438,bonsly,Rock,,4,1.7,33,50,80,95,10,45,10,290
439,mime jr,Psychic,Fairy,4,2,28.6,20,25,45,70,90,60,310
440,happiny,Normal,,4,2,53.8,100,5,5,15,65,30,220
441,chatot,Normal,Flying,4,1.7,4.2,76,65,45,92,42,91,411
442,spiritomb,Ghost,Dark,4,3.3,237.9,50,92,108,92,108,35,485
443,gible,Dragon,Ground,4,2.3,45.2,58,70,45,40,45,42,300
444,gabite,Dragon,Ground,4,4.7,123.4,68,90,65,50,55,82,410
445,garchomp,Dragon,Ground,4,6.3,209.3,108,130,95,80,85,102,600
446,munchlax,Normal,,4,2,231.3,135,85,40,40,85,5,390
447,riolu,Fighting,,4,2.3,44.5,40,70,40,35,40,60,285
448,lucario,Fighting,Steel,4,4,119,70,110,70,115,70,90,525
449,hippopotas,Ground,,4,2.7,109,68,72,78,38,42,32,330
450,hippowdon,Ground,,4,6.7,660.9,108,112,118,68,72,47,525
451,skorupi,Poison,Bug,4,2.7,26.4,40,50,90,30,55,65,330
452,drapion,Poison,Dark,4,4.3,135.5,70,90,110,60,75,95,500
453,croagunk,Poison,Fighting,4,2.3,50.7,48,61,40,61,40,50,300
454,toxicroak,Poison,Fighting,4,4.3,97.8,83,106,65,86,65,85,490
455,carnivine,Grass,,4,4.7,59.5,74,100,72,90,72,46,454
456,finneon,Water,,4,1.3,15.4,49,49,56,49,61,66,330
457,lumineon,Water,,4,4,52.9,69,69,76,69,86,91,460
458,mantyke,Water,Flying,4,3.3,143.2,45,20,50,60,120,50,345
459,snover,Grass,Ice,4,3.3,111.2,60,62,50,62,60,40,334
460,abomasnow,Grass,Ice,4,7.3,298.5,90,92,75,92,85,60,494
461,weavile,Dark,Ice,4,3.7,74.9,70,120,65,45,85,125,510
462,magnezone,Electric,Steel,4,4,396.5,70,70,115,130,90,60,535
463,lickilicky,Normal,,4,5.7,308.4,110,85,95,80,95,50,515
464,rhyperior,Ground,Rock,4,8,623,115,140,130,55,55,40,535
465,tangrowth,Grass,,4,6.7,283.3,100,100,125,110,50,50,535
466,electivire,Electric,,4,6,305.3,75,123,67,95,85,95,540
467,magmortar,Fire,,4,5.3,149.8,75,95,67,125,95,83,540
468,togekiss,Fairy,Flying,4,5,83.7,85,50,95,120,115,80,545
469,yanmega,Bug,Flying,4,6.3,113.4,86,76,86,116,56,95,515
470,leafeon,Grass,,4,3.3,56.2,65,110,130,60,65,95,525
471,glaceon,Ice,,4,2.7,57.1,65,60,110,130,95,65,525
472,gliscor,Ground,Flying,4,6.7,93.6,75,95,125,45,75,95,510
473,mamoswine,Ice,Ground,4,8.3,641,110,130,80,70,60,80,530
474,porygon-z,Normal,,4,3,74.9,85,80,70,135,75,90,535
475,gallade,Psychic,Fighting,4,5.3,114.6,68,125,65,65,115,80,518
476,probopass,Rock,Steel,4,4.7,749,60,55,145,75,150,40,525
477,dusknoir,Ghost,,4,7.3,234.8,45,100,135,65,135,45,525
478,froslass,Ice,Ghost,4,4.3,58.6,70,80,70,80,70,110,480
479,rotom,Electric,Ghost,4,1,0.7,50,50,77,95,77,91,440
480,uxie,Psychic,,4,1,0.7,75,75,130,75,130,95,580
481,mesprit,Psychic,,4,1,0.7,80,105,105,105,105,80,580
482,azelf,Psychic,,4,1,0.7,75,125,70,125,70,115,580
483,dialga,Steel,Dragon,4,18,1504.6,100,120,120,150,100,90,680
484,palkia,Water,Dragon,4,14,740.2,90,120,100,150,120,100,680
485,heatran,Fire,Steel,4,5.7,947.2,91,90,106,130,106,77,600
486,regigigas,Normal,,4,12.3,925.2,110,160,110,80,110,100,670
487,giratina,Ghost,Dragon,4,15,1652.2,150,100,120,100,120,90,680
488,cresselia,Psychic,,4,5,188.6,120,70,120,75,130,85,600
489,phione,Water,,4,1.3,6.8,80,80,80,80,80,80,480
490,manaphy,Water,,4,1,3.1,100,100,100,100,100,100,600
491,darkrai,Dark,,4,5,111.2,70,90,90,135,90,125,600
492,shaymin,Grass,,4,0.7,4.6,100,100,100,100,100,100,600
493,arceus,Normal,,4,10.7,704.9,120,120,120,120,120,120,720
494,victini,Psychic,Fire,5,1.3,8.8,100,100,100,100,100,100,600
495,snivy,Grass,,5,2,17.8,45,45,55,45,55,63,308
496,servine,Grass,,5,2.7,35.2,60,60,75,60,75,83,413
497,serperior,Grass,,5,11,138.8,75,75,95,75,95,113,528
498,tepig,Fire,,5,1.7,21.8,65,63,45,45,45,45,308
499,pignite,Fire,Fighting,5,3.3,122.3,90,93,55,70,55,55,418
500,emboar,Fire,Fighting,5,5.3,330.4,110,123,65,100,65,65,528
501,oshawott,Water,,5,1.7,13,55,55,45,63,45,45,308
502,dewott,Water,,5,2.7,54,75,75,60,83,60,60,413
503,samurott,Water,,5,5,208.4,95,100,85,108,70,70,528
504,patrat,Normal,,5,1.7,25.6,45,55,39,35,39,42,255
505,watchog,Normal,,5,3.7,59.5,60,85,69,60,69,77,420
506,lillipup,Normal,,5,1.3,9,45,60,45,25,45,55,275
507,herdier,Normal,,5,3,32.4,65,80,65,35,65,60,370
508,stoutland,Normal,,5,4,134.4,85,110,90,45,90,80,500
509,purrloin,Dark,,5,1.3,22.2,41,50,37,50,37,66,281
510,liepard,Dark,,5,3.7,82.6,64,88,50,88,50,106,446
511,pansage,Grass,,5,2,23.1,50,53,48,53,48,64,316
512,simisage,Grass,,5,3.7,67.2,75,98,63,98,63,101,498
513,pansear,Fire,,5,2,24.2,50,53,48,53,48,64,316
514,simisear,Fire,,5,3.3,61.7,75,98,63,98,63,101,498
515,panpour,Water,,5,2,29.7,50,53,48,53,48,64,316
516,simipour,Water,,5,3.3,63.9,75,98,63,98,63,101,498
517,munna,Psychic,,5,2,51.3,76,25,45,67,55,24,292
518,musharna,Psychic,,5,3.7,133.3,116,55,85,107,95,29,487
519,pidove,Normal,Flying,5,1,4.6,50,55,50,36,30,43,264
520,tranquill,Normal,Flying,5,2,33,62,77,62,50,42,65,358
521,unfezant,Normal,Flying,5,4,63.9,80,115,80,65,55,93,488
522,blitzle,Electric,,5,2.7,65.6,45,60,32,50,32,76,295
523,zebstrika,Electric,,5,5.3,175.1,75,100,63,80,63,116,497
524,roggenrola,Rock,,5,1.3,39.7,55,75,85,25,25,15,280
525,boldore,Rock,,5,3,224.7,70,105,105,50,40,20,390
526,gigalith,Rock,,5,5.7,572.8,85,135,130,60,80,25,515
527,woobat,Psychic,Flying,5,1.3,4.6,55,45,43,55,43,72,313
528,swoobat,Psychic,Flying,5,3,23.1,67,57,55,77,55,114,425
529,drilbur,Ground,,5,1,18.7,60,85,40,30,45,68,328
530,excadrill,Ground,Steel,5,2.3,89,110,135,60,50,65,88,508
531,audino,Normal,,5,3.7,68.3,103,60,86,60,86,50,445
532,timburr,Fighting,,5,2,27.5,75,80,55,25,35,35,305
533,gurdurr,Fighting,,5,4,88.1,85,105,85,40,50,40,405
534,conkeldurr,Fighting,,5,4.7,191.7,105,140,95,55,65,45,505
535,tympole,Water,,5,1.7,9.9,50,50,40,50,40,64,294
536,palpitoad,Water,Ground,5,2.7,37.4,75,65,55,65,55,69,384
537,seismitoad,Water,Ground,5,5,136.6,105,95,75,85,75,74,509
538,throh,Fighting,,5,4.3,122.3,120,100,85,30,85,45,465
539,sawk,Fighting,,5,4.7,112.3,75,125,75,30,75,85,465
540,sewaddle,Bug,Grass,5,1,5.5,45,53,70,40,60,42,310
541,swadloon,Bug,Grass,5,1.7,16.1,55,63,90,50,80,42,380
542,leavanny,Bug,Grass,5,4,45.2,75,103,80,70,80,92,500
543,venipede,Bug,Poison,5,1.3,11.7,30,45,59,30,39,57,260
544,whirlipede,Bug,Poison,5,4,128.9,40,55,99,40,79,47,360
545,scolipede,Bug,Poison,5,8.3,441.7,60,100,89,55,69,112,485
546,cottonee,Grass,Fairy,5,1,1.3,40,27,60,37,50,66,280
547,whimsicott,Grass,Fairy,5,2.3,14.5,60,67,85,77,75,116,480
548,petilil,Grass,,5,1.7,14.5,45,35,50,70,50,30,280
549,lilligant,Grass,,5,3.7,35.9,70,60,75,110,75,90,480
550,basculin,Water,,5,3.3,39.7,70,92,65,80,55,98,460
551,sandile,Ground,Dark,5,2.3,33.5,50,72,35,35,35,65,292
552,krokorok,Ground,Dark,5,3.3,73.6,60,82,45,45,45,74,351
553,krookodile,Ground,Dark,5,5,212.1,95,117,80,65,70,92,519
554,darumaka,Fire,,5,2,82.6,70,90,45,15,45,50,315
555,darmanitan,Fire,,5,4.3,204.6,105,140,55,30,55,95,480
556,maractus,Grass,,5,3.3,61.7,75,86,67,106,67,60,461
557,dwebble,Bug,Rock,5,1,31.9,50,65,85,35,35,55,325
558,crustle,Bug,Rock,5,4.7,440.6,70,95,125,65,75,45,475
559,scraggy,Dark,Fighting,5,2,26,50,75,70,35,70,48,348
560,scrafty,Dark,Fighting,5,3.7,66.1,65,90,115,45,115,58,488
561,sigilyph,Psychic,Flying,5,4.7,30.8,72,58,80,103,80,97,490
562,yamask,Ghost,,5,1.7,3.3,38,30,85,55,65,30,303
563,cofagrigus,Ghost,,5,5.7,168.5,58,50,145,95,105,30,483
564,tirtouga,Water,Rock,5,2.3,36.3,54,78,103,53,45,22,355
565,carracosta,Water,Rock,5,4,178.4,74,108,133,83,65,32,495
566,archen,Rock,Flying,5,1.7,20.9,55,112,45,74,45,70,401
567,archeops,Rock,Flying,5,4.7,70.5,75,140,65,112,65,110,567
568,trubbish,Poison,,5,2,68.3,50,50,62,40,62,65,329
569,garbodor,Poison,,5,6.3,236.4,80,95,82,60,82,75,474
570,zorua,Dark,,5,2.3,27.5,40,65,40,80,40,65,330
571,zoroark,Dark,,5,5.3,178.7,60,105,60,120,60,105,510
572,minccino,Normal,,5,1.3,12.8,55,50,40,40,40,75,300
573,cinccino,Normal,,5,1.7,16.5,75,95,60,65,60,115,470
574,gothita,Psychic,,5,1.3,12.8,45,30,50,55,65,45,290
575,gothorita,Psychic,,5,2.3,39.7,60,45,70,75,85,55,390
576,gothitelle,Psychic,,5,5,96.9,70,55,95,95,110,65,490
577,solosis,Psychic,,5,1,2.2,45,30,40,105,50,20,290
578,duosion,Psychic,,5,2,17.6,65,40,50,125,60,30,370
579,reuniclus,Psychic,,5,3.3,44.3,110,65,75,125,85,30,490
580,ducklett,Water,Flying,5,1.7,12.1,62,44,50,44,50,55,305
581,swanna,Water,Flying,5,4.3,53.3,75,87,63,87,63,98,473
582,vanillite,Ice,,5,1.3,12.6,36,50,50,65,60,44,305
583,vanillish,Ice,,5,3.7,90.3,51,65,65,80,75,59,395
584,vanilluxe,Ice,,5,4.3,126.7,71,95,85,110,95,79,535
585,deerling,Normal,Grass,5,2,43,60,60,50,40,50,75,335
586,sawsbuck,Normal,Grass,5,6.3,203.8,80,100,70,60,70,95,475
587,emolga,Electric,Flying,5,1.3,11,55,75,60,75,60,103,428
588,karrablast,Bug,,5,1.7,13,50,75,45,40,45,60,315
589,escavalier,Bug,Steel,5,3.3,72.7,70,135,105,60,105,20,495
590,foongus,Grass,Poison,5,0.7,2.2,69,55,45,55,55,15,294
591,amoonguss,Grass,Poison,5,2,23.1,114,85,70,85,80,30,464
592,frillish,Water,Ghost,5,4,72.7,55,40,50,65,85,40,335
593,jellicent,Water,Ghost,5,7.3,297.4,100,60,70,85,105,60,480
594,alomomola,Water,,5,4,69.6,165,75,80,40,45,65,470
595,joltik,Bug,Electric,5,0.3,1.3,50,47,50,57,50,65,319
596,galvantula,Bug,Electric,5,2.7,31.5,70,77,60,97,60,108,472
597,ferroseed,Grass,Steel,5,2,41.4,44,50,91,24,86,10,305
598,ferrothorn,Grass,Steel,5,3.3,242.3,74,94,131,54,116,20,489
599,klink,Steel,,5,1,46.3,40,55,70,45,60,30,300
600,klang,Steel,,5,2,112.3,60,80,95,70,85,50,440
601,klinklang,Steel,,5,2,178.4,60,100,115,70,85,90,520
602,tynamo,Electric,,5,0.7,0.7,35,55,40,45,40,60,275
603,eelektrik,Electric,,5,4,48.5,65,85,70,75,70,40,405
604,eelektross,Electric,,5,7,177.3,85,115,80,105,80,50,515
605,elgyem,Psychic,,5,1.7,19.8,55,55,55,85,55,30,335
606,beheeyem,Psychic,,5,3.3,76,75,75,75,125,95,40,485
607,litwick,Ghost,Fire,5,1,6.8,50,30,55,65,55,20,275
608,lampent,Ghost,Fire,5,2,28.6,60,40,60,95,60,55,370
609,chandelure,Ghost,Fire,5,3.3,75.6,60,55,90,145,90,80,520
610,axew,Dragon,,5,2,39.7,46,87,60,30,40,57,320
611,fraxure,Dragon,,5,3.3,79.3,66,117,70,40,50,67,410
612,haxorus,Dragon,,5,6,232.4,76,147,90,60,70,97,540
613,cubchoo,Ice,,5,1.7,18.7,55,70,40,60,40,40,305
614,beartic,Ice,,5,8.7,572.8,95,110,80,70,80,50,485
615,cryogonal,Ice,,5,3.7,326,70,50,30,95,135,105,485
616,shelmet,Bug,,5,1.3,17,50,40,85,40,65,25,305
617,accelgor,Bug,,5,2.7,55.7,80,70,40,100,60,145,495
618,stunfisk,Ground,Electric,5,2.3,24.2,109,66,84,81,99,32,471
619,mienfoo,Fighting,,5,3,44.1,45,85,50,55,50,65,350
620,mienshao,Fighting,,5,4.7,78.2,65,125,60,95,60,105,510
621,druddigon,Dragon,,5,5.3,306.2,77,120,90,60,90,48,485
622,golett,Ground,Ghost,5,3.3,202.7,59,74,50,35,50,35,303
623,golurk,Ground,Ghost,5,9.3,727,89,124,80,55,80,55,483
624,pawniard,Dark,Steel,5,1.7,22.5,45,85,70,40,40,60,340
625,bisharp,Dark,Steel,5,5.3,154.2,65,125,100,60,70,70,490
626,bouffalant,Normal,,5,5.3,208.4,95,110,95,40,95,55,490
627,rufflet,Normal,Flying,5,1.7,23.1,70,83,50,37,50,60,350
628,braviary,Normal,Flying,5,5,90.3,100,123,75,57,75,80,510
629,vullaby,Dark,Flying,5,1.7,19.8,70,55,75,45,65,60,370
630,mandibuzz,Dark,Flying,5,4,87,110,65,105,55,95,80,510
631,heatmor,Fire,,5,4.7,127.8,85,97,66,105,66,65,484
632,durant,Bug,Steel,5,1,72.7,58,109,112,48,48,109,484
633,deino,Dark,Dragon,5,2.7,38.1,52,65,50,45,50,38,300
634,zweilous,Dark,Dragon,5,4.7,110.1,72,85,70,65,70,58,420
635,hydreigon,Dark,Dragon,5,6,352.5,92,105,90,125,90,98,600
636,larvesta,Bug,Fire,5,3.7,63.4,55,85,55,50,55,60,360
637,volcarona,Bug,Fire,5,5.3,101.3,85,60,65,135,105,100,550
638,cobalion,Steel,Fighting,5,7,550.7,91,90,129,90,72,108,580
639,terrakion,Rock,Fighting,5,6.3,572.8,91,129,90,72,90,108,580
640,virizion,Grass,Fighting,5,6.7,440.6,91,90,72,90,129,108,580
641,tornadus,Flying,,5,5,138.8,79,115,70,125,80,111,580
642,thundurus,Electric,Flying,5,5,134.4,79,115,70,125,80,111,580
643,reshiram,Dragon,Fire,5,10.7,727,100,120,100,150,120,90,680
644,zekrom,Dragon,Electric,5,9.7,760,100,150,120,120,100,90,680
645,landorus,Ground,Flying,5,5,149.8,89,125,90,115,80,101,600
646,kyurem,Dragon,Ice,5,10,715.9,125,130,90,130,90,95,660
647,keldeo,Water,Fighting,5,4.7,106.8,91,72,90,129,90,108,580
648,meloetta,Normal,Psychic,5,2,14.3,100,77,77,128,128,90,600
649,genesect,Bug,Steel,5,5,181.7,71,120,95,120,95,99,600
650,chespin,Grass,,6,1.3,19.8,56,61,65,48,45,38,313
651,quilladin,Grass,,6,2.3,63.9,61,78,95,56,58,57,405
652,chesnaught,Grass,Fighting,6,5.2,198.4,88,107,122,74,75,64,530
653,fennekin,Fire,,6,1.3,20.7,40,45,40,62,60,60,307
654,braixen,Fire,,6,3.2,32,59,59,58,90,70,73,409
655,delphox,Fire,Psychic,6,5.2,86,75,69,72,114,100,104,534
656,froakie,Water,,6,1,15.4,41,56,40,62,44,71,314
657,frogadier,Water,,6,2,24,54,63,52,83,56,97,405
658,greninja,Water,Dark,6,4.9,88.2,72,95,67,103,71,122,530
659,bunnelby,Normal,,6,1.3,11,38,36,38,32,36,57,237
660,diggersby,Normal,Ground,6,3.2,93.5,85,56,77,50,77,78,423
661,fletchling,Normal,Flying,6,1.3,3.7,45,50,43,40,38,62,278
662,fletchinder,Fire,Flying,6,2.3,35.3,62,73,55,56,52,84,382
663,talonflame,Fire,Flying,6,3.9,54,78,81,71,74,69,126,499
664,scatterbug,Bug,,6,1,5.5,38,35,40,27,25,35,200
665,spewpa,Bug,,6,1,18.5,45,22,60,27,30,29,213
666,vivillon,Bug,Flying,6,3.9,37.5,80,52,50,90,50,89,411
667,litleo,Fire,Normal,6,2,29.8,62,50,58,73,54,72,369
668,pyroar,Fire,Normal,6,4.9,179.7,86,68,72,109,66,106,507
669,flabebe,Fairy,,6,0.3,0.2,44,38,39,61,79,42,303
670,floette,Fairy,,6,0.7,2,54,45,47,75,98,52,371
671,florges,Fairy,,6,3.6,22,78,65,68,112,154,75,552
672,skiddo,Grass,,6,2.9,68.3,66,65,48,62,57,52,350
673,gogoat,Grass,,6,5.6,200.6,123,100,62,97,81,68,531
674,pancham,Fighting,,6,2,17.6,67,82,62,46,48,43,348
675,pangoro,Fighting,Dark,6,6.9,299.8,95,124,78,69,71,58,495
676,furfrou,Normal,,6,3.9,61.7,75,80,60,65,90,102,472
677,espurr,Psychic,,6,1,7.7,62,48,54,63,60,68,355
678,meowstic,Psychic,,6,2,18.7,74,48,76,83,81,104,466
679,honedge,Steel,Ghost,6,2.6,4.4,45,80,100,35,37,28,325
680,doublade,Steel,Ghost,6,2.8,9.9,59,110,150,45,49,35,448
681,aegislash,Steel,Ghost,6,5.6,116.8,60,50,150,50,150,60,520
682,spritzee,Fairy,,6,0.7,1.1,78,52,60,63,65,23,341
683,aromatisse,Fairy,,6,2.6,34.2,101,72,72,99,89,29,462
684,swirlix,Fairy,,6,1.3,7.7,62,48,66,59,57,49,341
685,slurpuff,Fairy,,6,2.6,11,82,80,86,85,75,72,480
686,inkay,Dark,Psychic,6,1.3,7.7,53,54,53,37,46,45,288
687,malamar,Dark,Psychic,6,4.9,103.6,86,92,88,68,75,73,482
688,binacle,Rock,Water,6,1.7,68.6,42,52,67,39,56,50,306
689,barbaracle,Rock,Water,6,4.3,211.6,72,105,115,54,86,68,500
690,skrelp,Poison,Water,6,1.7,16.1,50,60,60,60,60,30,320
691,dragalge,Poison,Dragon,6,5.9,179.7,65,75,90,97,123,44,494
692,clauncher,Water,,6,1.7,18.3,50,53,62,58,63,44,330
693,clawitzer,Water,,6,4.3,77.8,71,73,88,120,89,59,500
694,helioptile,Electric,Normal,6,1.7,13.2,44,38,33,61,43,70,289
695,heliolisk,Electric,Normal,6,3.2,46.3,62,55,52,109,94,109,481
696,tyrunt,Rock,Dragon,6,2.6,57.3,58,89,77,45,45,48,362
697,tyrantrum,Rock,Dragon,6,8.2,595.2,82,121,119,69,59,71,521
698,amaura,Rock,Ice,6,4.3,55.6,77,59,50,67,63,46,362
699,aurorus,Rock,Ice,6,8.8,496,123,77,72,99,92,58,521
700,sylveon,Fairy,,6,3.2,51.8,95,65,65,110,130,60,525
701,hawlucha,Fighting,Flying,6,2.6,47.4,78,92,75,74,63,118,500
702,dedenne,Electric,Fairy,6,0.7,4.9,67,58,57,81,67,101,431
703,carbink,Rock,Fairy,6,1,12.6,50,50,150,50,150,50,500
704,goomy,Dragon,,6,1,6.2,45,50,35,55,75,40,300
705,sliggoo,Dragon,,6,2.6,38.6,68,75,53,83,113,60,452
706,goodra,Dragon,,6,6.6,331.8,90,100,70,110,150,80,600
707,klefki,Steel,Fairy,6,0.7,6.6,57,80,91,80,87,75,470
708,phantump,Ghost,Grass,6,1.3,15.4,43,70,48,50,60,38,309
709,trevenant,Ghost,Grass,6,4.9,156.5,85,110,76,65,82,56,474
710,pumpkaboo,Ghost,Grass,6,1.3,11,49,66,70,44,55,51,335
711,gourgeist,Ghost,Grass,6,5.6,86,65,90,122,58,75,84,494
712,bergmite,Ice,,6,3.2,219.4,55,69,85,32,35,28,304
713,avalugg,Ice,,6,6.6,1113.3,95,117,184,44,46,28,514
714,noibat,Flying,Dragon,6,1.7,17.6,40,30,35,45,40,55,245
715,noivern,Flying,Dragon,6,4.9,187.4,85,70,80,97,80,123,535
716,xerneas,Fairy,,6,9.8,474,126,131,95,131,98,99,680
717,yveltal,Dark,Flying,6,19,447.5,126,131,95,131,98,99,680
718,zygarde,Dragon,Ground,6,16.4,672.4,108,100,121,81,95,95,600
719,diancie,Rock,Fairy,6,2.3,19.4,50,100,150,100,150,50,600
720,hoopa,Psychic,Dark,6,1.7,19.9,80,110,60,150,130,70,600
721,volcanion,Fire,Water,6,5.6,429.9,80,110,120,130,90,70,600